task,method,raw_method,seed,class,f1
a_to_b,ERM-SDAE,erm,42,healthy,0.23626373626373626
a_to_b,ERM-SDAE,erm,42,outer,0.473
a_to_b,ERM-SDAE,erm,42,inner,0.6416558861578268
a_to_b,Mixup-SDAE,mixup,42,healthy,0.24390243902439024
a_to_b,Mixup-SDAE,mixup,42,outer,0.40210526315789474
a_to_b,Mixup-SDAE,mixup,42,inner,0.6261919898283536
a_to_b,CORAL-SDAE,coral,42,healthy,0.27627627627627627
a_to_b,CORAL-SDAE,coral,42,outer,0.5552380952380953
a_to_b,CORAL-SDAE,coral,42,inner,0.6668871981475356
a_to_b,MMD-SDAE,mmd,42,healthy,0.2160493827160494
a_to_b,MMD-SDAE,mmd,42,outer,0.5198836081474297
a_to_b,MMD-SDAE,mmd,42,inner,0.6534201954397395
a_to_b,DANN-SDAE,dann,42,healthy,0.24096385542168675
a_to_b,DANN-SDAE,dann,42,outer,0.5609302325581396
a_to_b,DANN-SDAE,dann,42,inner,0.6597175521183591
a_to_b,Adaptive-SDAE-3M,proposed,42,healthy,0.09885931558935362
a_to_b,Adaptive-SDAE-3M,proposed,42,outer,0.4745591939546599
a_to_b,Adaptive-SDAE-3M,proposed,42,inner,0.6870324189526184
a_to_c,ERM-SDAE,erm,42,healthy,0.2585858585858586
a_to_c,ERM-SDAE,erm,42,outer,0.37620742247076766
a_to_c,ERM-SDAE,erm,42,inner,0.5898463593854375
a_to_c,Mixup-SDAE,mixup,42,healthy,0.24955436720142607
a_to_c,Mixup-SDAE,mixup,42,outer,0.3485254691689008
a_to_c,Mixup-SDAE,mixup,42,inner,0.5953795379537954
a_to_c,CORAL-SDAE,coral,42,healthy,0.22662889518413598
a_to_c,CORAL-SDAE,coral,42,outer,0.4154929577464789
a_to_c,CORAL-SDAE,coral,42,inner,0.5996789727126806
a_to_c,MMD-SDAE,mmd,42,healthy,0.2606516290726817
a_to_c,MMD-SDAE,mmd,42,outer,0.4671462829736211
a_to_c,MMD-SDAE,mmd,42,inner,0.6049798115746973
a_to_c,DANN-SDAE,dann,42,healthy,0.255125284738041
a_to_c,DANN-SDAE,dann,42,outer,0.45943396226415095
a_to_c,DANN-SDAE,dann,42,inner,0.5909561615464274
a_to_c,Adaptive-SDAE-3M,proposed,42,healthy,0.33999999999999997
a_to_c,Adaptive-SDAE-3M,proposed,42,outer,0.27936145952109465
a_to_c,Adaptive-SDAE-3M,proposed,42,inner,0.6613756613756614
a_to_d,ERM-SDAE,erm,42,healthy,0.2699724517906336
a_to_d,ERM-SDAE,erm,42,outer,0.4365325077399381
a_to_d,ERM-SDAE,erm,42,inner,0.6402535657686212
a_to_d,Mixup-SDAE,mixup,42,healthy,0.2462311557788945
a_to_d,Mixup-SDAE,mixup,42,outer,0.3588362068965517
a_to_d,Mixup-SDAE,mixup,42,inner,0.6196127420362274
a_to_d,CORAL-SDAE,coral,42,healthy,0.2738095238095238
a_to_d,CORAL-SDAE,coral,42,outer,0.4722361180590295
a_to_d,CORAL-SDAE,coral,42,inner,0.6414610701698175
a_to_d,MMD-SDAE,mmd,42,healthy,0.30952380952380953
a_to_d,MMD-SDAE,mmd,42,outer,0.36532170119956375
a_to_d,MMD-SDAE,mmd,42,inner,0.6329884357881923
a_to_d,DANN-SDAE,dann,42,healthy,0.2748538011695907
a_to_d,DANN-SDAE,dann,42,outer,0.4775828460038986
a_to_d,DANN-SDAE,dann,42,inner,0.6368386675375571
a_to_d,Adaptive-SDAE-3M,proposed,42,healthy,0.0546875
a_to_d,Adaptive-SDAE-3M,proposed,42,outer,0.46904881731253145
a_to_d,Adaptive-SDAE-3M,proposed,42,inner,0.6405228758169934
b_to_a,ERM-SDAE,erm,42,healthy,0.24923076923076923
b_to_a,ERM-SDAE,erm,42,outer,0.3169139465875371
b_to_a,ERM-SDAE,erm,42,inner,0.6049343159243833
b_to_a,Mixup-SDAE,mixup,42,healthy,0.23513513513513515
b_to_a,Mixup-SDAE,mixup,42,outer,0.31018518518518523
b_to_a,Mixup-SDAE,mixup,42,inner,0.5957161981258366
b_to_a,CORAL-SDAE,coral,42,healthy,0.2286689419795222
b_to_a,CORAL-SDAE,coral,42,outer,0.37913628715647785
b_to_a,CORAL-SDAE,coral,42,inner,0.6135406543569809
b_to_a,MMD-SDAE,mmd,42,healthy,0.24752475247524752
b_to_a,MMD-SDAE,mmd,42,outer,0.3965141612200435
b_to_a,MMD-SDAE,mmd,42,inner,0.617120106171201
b_to_a,DANN-SDAE,dann,42,healthy,0.22780569514237856
b_to_a,DANN-SDAE,dann,42,outer,0.3876651982378854
b_to_a,DANN-SDAE,dann,42,inner,0.6092671705553729
b_to_a,Adaptive-SDAE-3M,proposed,42,healthy,0.3406593406593406
b_to_a,Adaptive-SDAE-3M,proposed,42,outer,0.5246091488129705
b_to_a,Adaptive-SDAE-3M,proposed,42,inner,0.7788187372708758
b_to_c,ERM-SDAE,erm,42,healthy,0.2951653944020356
b_to_c,ERM-SDAE,erm,42,outer,0.6309574019401096
b_to_c,ERM-SDAE,erm,42,inner,0.6181277860326896
b_to_c,Mixup-SDAE,mixup,42,healthy,0.35714285714285715
b_to_c,Mixup-SDAE,mixup,42,outer,0.6141732283464567
b_to_c,Mixup-SDAE,mixup,42,inner,0.6443484521238301
b_to_c,CORAL-SDAE,coral,42,healthy,0.3187660668380463
b_to_c,CORAL-SDAE,coral,42,outer,0.5938475256353098
b_to_c,CORAL-SDAE,coral,42,inner,0.6296033994334278
b_to_c,MMD-SDAE,mmd,42,healthy,0.3384615384615384
b_to_c,MMD-SDAE,mmd,42,outer,0.6270178419711131
b_to_c,MMD-SDAE,mmd,42,inner,0.626843657817109
b_to_c,DANN-SDAE,dann,42,healthy,0.2809917355371901
b_to_c,DANN-SDAE,dann,42,outer,0.6050788091068301
b_to_c,DANN-SDAE,dann,42,inner,0.6244215023139907
b_to_c,Adaptive-SDAE-3M,proposed,42,healthy,0.7591240875912408
b_to_c,Adaptive-SDAE-3M,proposed,42,outer,0.5596465390279823
b_to_c,Adaptive-SDAE-3M,proposed,42,inner,0.6702127659574468
b_to_d,ERM-SDAE,erm,42,healthy,0.36103151862464183
b_to_d,ERM-SDAE,erm,42,outer,0.7806222922410397
b_to_d,ERM-SDAE,erm,42,inner,0.7390965732087228
b_to_d,Mixup-SDAE,mixup,42,healthy,0.3796033994334277
b_to_d,Mixup-SDAE,mixup,42,outer,0.7769726247987118
b_to_d,Mixup-SDAE,mixup,42,inner,0.7468499427262315
b_to_d,CORAL-SDAE,coral,42,healthy,0.3180428134556575
b_to_d,CORAL-SDAE,coral,42,outer,0.778501628664495
b_to_d,CORAL-SDAE,coral,42,inner,0.745978301533857
b_to_d,MMD-SDAE,mmd,42,healthy,0.323170731707317
b_to_d,MMD-SDAE,mmd,42,outer,0.7707006369426751
b_to_d,MMD-SDAE,mmd,42,inner,0.7331804281345565
b_to_d,DANN-SDAE,dann,42,healthy,0.2611464968152866
b_to_d,DANN-SDAE,dann,42,outer,0.7685483870967742
b_to_d,DANN-SDAE,dann,42,inner,0.7332832456799399
b_to_d,Adaptive-SDAE-3M,proposed,42,healthy,0.6166666666666667
b_to_d,Adaptive-SDAE-3M,proposed,42,outer,0.7840274796049808
b_to_d,Adaptive-SDAE-3M,proposed,42,inner,0.7705095771593784
c_to_a,ERM-SDAE,erm,42,healthy,0.20719424460431654
c_to_a,ERM-SDAE,erm,42,outer,0.42075736325385693
c_to_a,ERM-SDAE,erm,42,inner,0.5202135774218155
c_to_a,Mixup-SDAE,mixup,42,healthy,0.22826086956521743
c_to_a,Mixup-SDAE,mixup,42,outer,0.37808489634748277
c_to_a,Mixup-SDAE,mixup,42,inner,0.5083665338645419
c_to_a,CORAL-SDAE,coral,42,healthy,0.2360248447204969
c_to_a,CORAL-SDAE,coral,42,outer,0.44642021525503045
c_to_a,CORAL-SDAE,coral,42,inner,0.5457943925233646
c_to_a,MMD-SDAE,mmd,42,healthy,0.23042836041358938
c_to_a,MMD-SDAE,mmd,42,outer,0.4539823008849558
c_to_a,MMD-SDAE,mmd,42,inner,0.5081381500595473
c_to_a,DANN-SDAE,dann,42,healthy,0.22773722627737225
c_to_a,DANN-SDAE,dann,42,outer,0.4418712366836498
c_to_a,DANN-SDAE,dann,42,inner,0.5336906584992344
c_to_a,Adaptive-SDAE-3M,proposed,42,healthy,0.32236842105263164
c_to_a,Adaptive-SDAE-3M,proposed,42,outer,0.49268841394825647
c_to_a,Adaptive-SDAE-3M,proposed,42,inner,0.7701575532900834
c_to_b,ERM-SDAE,erm,42,healthy,0.3036649214659686
c_to_b,ERM-SDAE,erm,42,outer,0.6863354037267081
c_to_b,ERM-SDAE,erm,42,inner,0.6413130504403521
c_to_b,Mixup-SDAE,mixup,42,healthy,0.3366336633663366
c_to_b,Mixup-SDAE,mixup,42,outer,0.6788588149231896
c_to_b,Mixup-SDAE,mixup,42,inner,0.5962036238136325
c_to_b,CORAL-SDAE,coral,42,healthy,0.28571428571428575
c_to_b,CORAL-SDAE,coral,42,outer,0.6997427416391031
c_to_b,CORAL-SDAE,coral,42,inner,0.6341463414634145
c_to_b,MMD-SDAE,mmd,42,healthy,0.2962962962962963
c_to_b,MMD-SDAE,mmd,42,outer,0.688378978534419
c_to_b,MMD-SDAE,mmd,42,inner,0.6292134831460675
c_to_b,DANN-SDAE,dann,42,healthy,0.2857142857142857
c_to_b,DANN-SDAE,dann,42,outer,0.6948288419519301
c_to_b,DANN-SDAE,dann,42,inner,0.6276326874473462
c_to_b,Adaptive-SDAE-3M,proposed,42,healthy,0.8190476190476191
c_to_b,Adaptive-SDAE-3M,proposed,42,outer,0.7039287160793843
c_to_b,Adaptive-SDAE-3M,proposed,42,inner,0.6910790806388781
c_to_d,ERM-SDAE,erm,42,healthy,0.32884097035040427
c_to_d,ERM-SDAE,erm,42,outer,0.6845485455232339
c_to_d,ERM-SDAE,erm,42,inner,0.623461853978671
c_to_d,Mixup-SDAE,mixup,42,healthy,0.34760705289672544
c_to_d,Mixup-SDAE,mixup,42,outer,0.6852387843704777
c_to_d,Mixup-SDAE,mixup,42,inner,0.5969498910675382
c_to_d,CORAL-SDAE,coral,42,healthy,0.3086053412462908
c_to_d,CORAL-SDAE,coral,42,outer,0.6853352984524688
c_to_d,CORAL-SDAE,coral,42,inner,0.6170478170478171
c_to_d,MMD-SDAE,mmd,42,healthy,0.3333333333333333
c_to_d,MMD-SDAE,mmd,42,outer,0.6730698189878094
c_to_d,MMD-SDAE,mmd,42,inner,0.5914202415660142
c_to_d,DANN-SDAE,dann,42,healthy,0.29012345679012347
c_to_d,DANN-SDAE,dann,42,outer,0.6867335562987738
c_to_d,DANN-SDAE,dann,42,inner,0.6218762802130274
c_to_d,Adaptive-SDAE-3M,proposed,42,healthy,0.739240506329114
c_to_d,Adaptive-SDAE-3M,proposed,42,outer,0.7106892282294677
c_to_d,Adaptive-SDAE-3M,proposed,42,inner,0.6997725549658833
d_to_a,ERM-SDAE,erm,42,healthy,0.21438645980253881
d_to_a,ERM-SDAE,erm,42,outer,0.2800718132854578
d_to_a,ERM-SDAE,erm,42,inner,0.58777633289987
d_to_a,Mixup-SDAE,mixup,42,healthy,0.23124231242312426
d_to_a,Mixup-SDAE,mixup,42,outer,0.28891509433962265
d_to_a,Mixup-SDAE,mixup,42,inner,0.5917882592466915
d_to_a,CORAL-SDAE,coral,42,healthy,0.26190476190476186
d_to_a,CORAL-SDAE,coral,42,outer,0.410989010989011
d_to_a,CORAL-SDAE,coral,42,inner,0.6266404199475064
d_to_a,MMD-SDAE,mmd,42,healthy,0.2028985507246377
d_to_a,MMD-SDAE,mmd,42,outer,0.44687499999999997
d_to_a,MMD-SDAE,mmd,42,inner,0.6174957118353345
d_to_a,DANN-SDAE,dann,42,healthy,0.2113323124042879
d_to_a,DANN-SDAE,dann,42,outer,0.4
d_to_a,DANN-SDAE,dann,42,inner,0.6123845364351693
d_to_a,Adaptive-SDAE-3M,proposed,42,healthy,0.351575456053068
d_to_a,Adaptive-SDAE-3M,proposed,42,outer,0.5345622119815668
d_to_a,Adaptive-SDAE-3M,proposed,42,inner,0.7764518695306285
d_to_b,ERM-SDAE,erm,42,healthy,0.35294117647058826
d_to_b,ERM-SDAE,erm,42,outer,0.7699297810821975
d_to_b,ERM-SDAE,erm,42,inner,0.7378640776699028
d_to_b,Mixup-SDAE,mixup,42,healthy,0.4700239808153477
d_to_b,Mixup-SDAE,mixup,42,outer,0.7763431903373594
d_to_b,Mixup-SDAE,mixup,42,inner,0.7498104624715695
d_to_b,CORAL-SDAE,coral,42,healthy,0.37714285714285717
d_to_b,CORAL-SDAE,coral,42,outer,0.7772236076475478
d_to_b,CORAL-SDAE,coral,42,inner,0.7533333333333335
d_to_b,MMD-SDAE,mmd,42,healthy,0.40668523676880225
d_to_b,MMD-SDAE,mmd,42,outer,0.780608052588332
d_to_b,MMD-SDAE,mmd,42,inner,0.7532857679309051
d_to_b,DANN-SDAE,dann,42,healthy,0.30476190476190473
d_to_b,DANN-SDAE,dann,42,outer,0.7704185290532304
d_to_b,DANN-SDAE,dann,42,inner,0.7395522388059702
d_to_b,Adaptive-SDAE-3M,proposed,42,healthy,0.7424242424242424
d_to_b,Adaptive-SDAE-3M,proposed,42,outer,0.7914485165794066
d_to_b,Adaptive-SDAE-3M,proposed,42,inner,0.7904624277456648
d_to_c,ERM-SDAE,erm,42,healthy,0.34688346883468835
d_to_c,ERM-SDAE,erm,42,outer,0.616758826031476
d_to_c,ERM-SDAE,erm,42,inner,0.618421052631579
d_to_c,Mixup-SDAE,mixup,42,healthy,0.37911025145067695
d_to_c,Mixup-SDAE,mixup,42,outer,0.5903667697746354
d_to_c,Mixup-SDAE,mixup,42,inner,0.6128550074738415
d_to_c,CORAL-SDAE,coral,42,healthy,0.3604938271604939
d_to_c,CORAL-SDAE,coral,42,outer,0.6168384879725086
d_to_c,CORAL-SDAE,coral,42,inner,0.6228424531766434
d_to_c,MMD-SDAE,mmd,42,healthy,0.34210526315789475
d_to_c,MMD-SDAE,mmd,42,outer,0.6080554352533565
d_to_c,MMD-SDAE,mmd,42,inner,0.6295627032887603
d_to_c,DANN-SDAE,dann,42,healthy,0.33149171270718236
d_to_c,DANN-SDAE,dann,42,outer,0.6149979053204859
d_to_c,DANN-SDAE,dann,42,inner,0.6161802733653491
d_to_c,Adaptive-SDAE-3M,proposed,42,healthy,0.8027842227378191
d_to_c,Adaptive-SDAE-3M,proposed,42,outer,0.5439999999999999
d_to_c,Adaptive-SDAE-3M,proposed,42,inner,0.672396694214876
